{"text": " Web it!", "segments": [{"start": 0.12, "end": 0.4, "text": " Web it!", "seek": 0.0, "tokens": [9573, 309, 0], "temperature": 1.0, "avg_logprob": -2.4354995091756186, "compression_ratio": 0.4666666666666667, "no_speech_prob": 0.26730582118034363, "words": [{"word": " Web", "start": 0.12, "end": 0.22, "probability": 0.0001812373666325584, "tokens": [9573]}, {"word": " it!", "start": 0.22, "end": 0.4, "probability": 0.33746904134750366, "tokens": [309, 0]}], "id": 0}], "language": "en", "ori_dict": {"text": " Web it!", "segments": [{"id": 0, "start": 0.12, "end": 0.4, "text": " Web it!", "seek": 0.0, "tokens": [9573, 309, 0], "temperature": 1.0, "avg_logprob": -2.4354995091756186, "compression_ratio": 0.4666666666666667, "no_speech_prob": 0.26730582118034363, "words": [{"word": " Web", "start": 0.12, "end": 0.22, "probability": 0.0001812373666325584, "tokens": [9573]}, {"word": " it!", "start": 0.22, "end": 0.4, "probability": 0.33746904134750366, "tokens": [309, 0]}]}], "language": "en", "time_scale": null}}