{"text": " Lifetime.", "segments": [{"start": 0.08, "end": 0.5, "text": " Lifetime.", "seek": 0.0, "tokens": [31946, 9764, 13], "temperature": 0.0, "avg_logprob": -0.874734083811442, "compression_ratio": 0.5294117647058824, "no_speech_prob": 0.1024252325296402, "words": [{"word": " Lifetime.", "start": 0.08, "end": 0.5, "probability": 0.5123894391581416, "tokens": [31946, 9764, 13]}], "id": 0}], "language": "en", "ori_dict": {"text": " Lifetime.", "segments": [{"id": 0, "start": 0.08, "end": 0.5, "text": " Lifetime.", "seek": 0.0, "tokens": [31946, 9764, 13], "temperature": 0.0, "avg_logprob": -0.874734083811442, "compression_ratio": 0.5294117647058824, "no_speech_prob": 0.1024252325296402, "words": [{"word": " Lifetime.", "start": 0.08, "end": 0.5, "probability": 0.5123894391581416, "tokens": [31946, 9764, 13]}]}], "language": "en", "time_scale": null}}