{"text": " turning", "segments": [{"start": 0.1, "end": 0.3, "text": " turning", "seek": 0.0, "tokens": [6246], "temperature": 1.0, "avg_logprob": -3.269993305206299, "compression_ratio": 0.4666666666666667, "no_speech_prob": 0.17484299838542938, "words": [{"word": " turning", "start": 0.1, "end": 0.3, "probability": 0.0012334624771028757, "tokens": [6246]}], "id": 0}], "language": "en", "ori_dict": {"text": " turning", "segments": [{"id": 0, "start": 0.1, "end": 0.3, "text": " turning", "seek": 0.0, "tokens": [6246], "temperature": 1.0, "avg_logprob": -3.269993305206299, "compression_ratio": 0.4666666666666667, "no_speech_prob": 0.17484299838542938, "words": [{"word": " turning", "start": 0.1, "end": 0.3, "probability": 0.0012334624771028757, "tokens": [6246]}]}], "language": "en", "time_scale": null}}