{"text": " Yes", "segments": [{"start": 0.16, "end": 0.26, "text": " Yes", "seek": 0.0, "tokens": [1079], "temperature": 1.0, "avg_logprob": -5.29555082321167, "compression_ratio": 0.2727272727272727, "no_speech_prob": 0.2664620578289032, "words": [{"word": " Yes", "start": 0.16, "end": 0.26, "probability": 0.0012462425511330366, "tokens": [1079]}], "id": 0}], "language": "en", "ori_dict": {"text": " Yes", "segments": [{"id": 0, "start": 0.16, "end": 0.26, "text": " Yes", "seek": 0.0, "tokens": [1079], "temperature": 1.0, "avg_logprob": -5.29555082321167, "compression_ratio": 0.2727272727272727, "no_speech_prob": 0.2664620578289032, "words": [{"word": " Yes", "start": 0.16, "end": 0.26, "probability": 0.0012462425511330366, "tokens": [1079]}]}], "language": "en", "time_scale": null}}