{"text": " string drum", "segments": [{"start": 0.16, "end": 0.48, "text": " string drum", "seek": 0.0, "tokens": [6798, 10206], "temperature": 1.0, "avg_logprob": -6.100607299804688, "compression_ratio": 0.5789473684210527, "no_speech_prob": 0.11192988604307175, "words": [{"word": " string", "start": 0.16, "end": 0.34, "probability": 5.398940743361891e-07, "tokens": [6798]}, {"word": " drum", "start": 0.34, "end": 0.48, "probability": 0.000259138410910964, "tokens": [10206]}], "id": 0}], "language": "en", "ori_dict": {"text": " string drum", "segments": [{"id": 0, "start": 0.16, "end": 0.48, "text": " string drum", "seek": 0.0, "tokens": [6798, 10206], "temperature": 1.0, "avg_logprob": -6.100607299804688, "compression_ratio": 0.5789473684210527, "no_speech_prob": 0.11192988604307175, "words": [{"word": " string", "start": 0.16, "end": 0.34, "probability": 5.398940743361891e-07, "tokens": [6798]}, {"word": " drum", "start": 0.34, "end": 0.48, "probability": 0.000259138410910964, "tokens": [10206]}]}], "language": "en", "time_scale": null}}