{"text": " The", "segments": [{"start": 0.1, "end": 0.2, "text": " The", "seek": 0.0, "tokens": [440], "temperature": 1.0, "avg_logprob": -4.894336223602295, "compression_ratio": 0.2727272727272727, "no_speech_prob": 0.09879107028245926, "words": [{"word": " The", "start": 0.1, "end": 0.2, "probability": 0.00030859472462907434, "tokens": [440]}], "id": 0}], "language": "en", "ori_dict": {"text": " The", "segments": [{"id": 0, "start": 0.1, "end": 0.2, "text": " The", "seek": 0.0, "tokens": [440], "temperature": 1.0, "avg_logprob": -4.894336223602295, "compression_ratio": 0.2727272727272727, "no_speech_prob": 0.09879107028245926, "words": [{"word": " The", "start": 0.1, "end": 0.2, "probability": 0.00030859472462907434, "tokens": [440]}]}], "language": "en", "time_scale": null}}