{"text": " Support...", "segments": [{"start": 0.1, "end": 0.56, "text": " Support...", "seek": 0.0, "tokens": [18073, 485], "temperature": 1.0, "avg_logprob": -2.8157482147216797, "compression_ratio": 0.5555555555555556, "no_speech_prob": 0.19350779056549072, "words": [{"word": " Support...", "start": 0.1, "end": 0.56, "probability": 0.03472286369651556, "tokens": [18073, 485]}], "id": 0}], "language": "en", "ori_dict": {"text": " Support...", "segments": [{"id": 0, "start": 0.1, "end": 0.56, "text": " Support...", "seek": 0.0, "tokens": [18073, 485], "temperature": 1.0, "avg_logprob": -2.8157482147216797, "compression_ratio": 0.5555555555555556, "no_speech_prob": 0.19350779056549072, "words": [{"word": " Support...", "start": 0.1, "end": 0.56, "probability": 0.03472286369651556, "tokens": [18073, 485]}]}], "language": "en", "time_scale": null}}