{"text": " ... still.", "segments": [{"start": 0.0, "end": 0.14, "text": " ...", "seek": 0.0, "tokens": [1097], "temperature": 1.0, "avg_logprob": -2.616062641143799, "compression_ratio": 0.5555555555555556, "no_speech_prob": 0.2513813078403473, "words": [{"word": " ...", "start": 0.0, "end": 0.14, "probability": 0.016642266884446144, "tokens": [1097]}], "id": 0}, {"start": 0.14, "end": 0.36, "text": " still.", "seek": 0.0, "tokens": [920, 13], "temperature": 1.0, "avg_logprob": -2.616062641143799, "compression_ratio": 0.5555555555555556, "no_speech_prob": 0.2513813078403473, "words": [{"word": " still.", "start": 0.14, "end": 0.36, "probability": 0.01462797075510025, "tokens": [920, 13]}], "id": 1}], "language": "en", "ori_dict": {"text": " ... still.", "segments": [{"id": 0, "start": 0.0, "end": 0.36, "text": " ... still.", "seek": 0.0, "tokens": [1097, 920, 13], "temperature": 1.0, "avg_logprob": -2.616062641143799, "compression_ratio": 0.5555555555555556, "no_speech_prob": 0.2513813078403473, "words": [{"word": " ...", "start": 0.0, "end": 0.14, "probability": 0.016642266884446144, "tokens": [1097]}, {"word": " still.", "start": 0.14, "end": 0.36, "probability": 0.01462797075510025, "tokens": [920, 13]}]}], "language": "en", "time_scale": null}}