{"text": " Connection", "segments": [{"start": 0.14, "end": 0.52, "text": " Connection", "seek": 0.0, "tokens": [11653, 313], "temperature": 0.0, "avg_logprob": -0.9790656089782714, "compression_ratio": 0.5555555555555556, "no_speech_prob": 0.14951549470424652, "words": [{"word": " Connection", "start": 0.14, "end": 0.52, "probability": 0.5166719071567059, "tokens": [11653, 313]}], "id": 0}], "language": "en", "ori_dict": {"text": " Connection", "segments": [{"id": 0, "start": 0.14, "end": 0.52, "text": " Connection", "seek": 0.0, "tokens": [11653, 313], "temperature": 0.0, "avg_logprob": -0.9790656089782714, "compression_ratio": 0.5555555555555556, "no_speech_prob": 0.14951549470424652, "words": [{"word": " Connection", "start": 0.14, "end": 0.52, "probability": 0.5166719071567059, "tokens": [11653, 313]}]}], "language": "en", "time_scale": null}}