{"text": " Salvation.", "segments": [{"start": 0.1, "end": 0.56, "text": " Salvation.", "seek": 0.0, "tokens": [5996, 11116, 13], "temperature": 1.0, "avg_logprob": -1.27509339650472, "compression_ratio": 0.5555555555555556, "no_speech_prob": 0.1414022147655487, "words": [{"word": " Salvation.", "start": 0.1, "end": 0.56, "probability": 0.5059379283338785, "tokens": [5996, 11116, 13]}], "id": 0}], "language": "en", "ori_dict": {"text": " Salvation.", "segments": [{"id": 0, "start": 0.1, "end": 0.56, "text": " Salvation.", "seek": 0.0, "tokens": [5996, 11116, 13], "temperature": 1.0, "avg_logprob": -1.27509339650472, "compression_ratio": 0.5555555555555556, "no_speech_prob": 0.1414022147655487, "words": [{"word": " Salvation.", "start": 0.1, "end": 0.56, "probability": 0.5059379283338785, "tokens": [5996, 11116, 13]}]}], "language": "en", "time_scale": null}}