{"text": " Live.", "segments": [{"start": 0.08, "end": 0.24, "text": " Live.", "seek": 0.0, "tokens": [10385, 13], "temperature": 1.0, "avg_logprob": -1.8008724212646485, "compression_ratio": 0.38461538461538464, "no_speech_prob": 0.17048212885856628, "words": [{"word": " Live.", "start": 0.08, "end": 0.24, "probability": 0.005704430863261223, "tokens": [10385, 13]}], "id": 0}], "language": "en", "ori_dict": {"text": " Live.", "segments": [{"id": 0, "start": 0.08, "end": 0.24, "text": " Live.", "seek": 0.0, "tokens": [10385, 13], "temperature": 1.0, "avg_logprob": -1.8008724212646485, "compression_ratio": 0.38461538461538464, "no_speech_prob": 0.17048212885856628, "words": [{"word": " Live.", "start": 0.08, "end": 0.24, "probability": 0.005704430863261223, "tokens": [10385, 13]}]}], "language": "en", "time_scale": null}}