{"text": " people", "segments": [{"start": 0.1, "end": 0.34, "text": " people", "seek": 0.0, "tokens": [561], "temperature": 1.0, "avg_logprob": -2.4320521354675293, "compression_ratio": 0.42857142857142855, "no_speech_prob": 0.25734084844589233, "words": [{"word": " people", "start": 0.1, "end": 0.34, "probability": 0.3042604625225067, "tokens": [561]}], "id": 0}], "language": "en", "ori_dict": {"text": " people", "segments": [{"id": 0, "start": 0.1, "end": 0.34, "text": " people", "seek": 0.0, "tokens": [561], "temperature": 1.0, "avg_logprob": -2.4320521354675293, "compression_ratio": 0.42857142857142855, "no_speech_prob": 0.25734084844589233, "words": [{"word": " people", "start": 0.1, "end": 0.34, "probability": 0.3042604625225067, "tokens": [561]}]}], "language": "en", "time_scale": null}}