{"text": " Oh.", "segments": [{"start": 0.1, "end": 0.22, "text": " Oh.", "seek": 0.0, "tokens": [876, 13], "temperature": 1.0, "avg_logprob": -1.5956409454345704, "compression_ratio": 0.2727272727272727, "no_speech_prob": 0.2971903383731842, "words": [{"word": " Oh.", "start": 0.1, "end": 0.22, "probability": 0.020753677934408188, "tokens": [876, 13]}], "id": 0}], "language": "en", "ori_dict": {"text": " Oh.", "segments": [{"id": 0, "start": 0.1, "end": 0.22, "text": " Oh.", "seek": 0.0, "tokens": [876, 13], "temperature": 1.0, "avg_logprob": -1.5956409454345704, "compression_ratio": 0.2727272727272727, "no_speech_prob": 0.2971903383731842, "words": [{"word": " Oh.", "start": 0.1, "end": 0.22, "probability": 0.020753677934408188, "tokens": [876, 13]}]}], "language": "en", "time_scale": null}}