{"text": " 18 The", "segments": [{"start": 0.1, "end": 0.52, "text": " 18 The", "seek": 0.0, "tokens": [2443, 440], "temperature": 1.0, "avg_logprob": -6.594412231445313, "compression_ratio": 0.42857142857142855, "no_speech_prob": 0.16051487624645233, "words": [{"word": " 18", "start": 0.1, "end": 0.34, "probability": 3.306855433038436e-06, "tokens": [2443]}, {"word": " The", "start": 0.34, "end": 0.52, "probability": 5.2641142247011885e-05, "tokens": [440]}], "id": 0}], "language": "en", "ori_dict": {"text": " 18 The", "segments": [{"id": 0, "start": 0.1, "end": 0.52, "text": " 18 The", "seek": 0.0, "tokens": [2443, 440], "temperature": 1.0, "avg_logprob": -6.594412231445313, "compression_ratio": 0.42857142857142855, "no_speech_prob": 0.16051487624645233, "words": [{"word": " 18", "start": 0.1, "end": 0.34, "probability": 3.306855433038436e-06, "tokens": [2443]}, {"word": " The", "start": 0.34, "end": 0.52, "probability": 5.2641142247011885e-05, "tokens": [440]}]}], "language": "en", "time_scale": null}}