{"text": " Lives.", "segments": [{"start": 0.12, "end": 0.36, "text": " Lives.", "seek": 0.0, "tokens": [25791, 13], "temperature": 0.0, "avg_logprob": -0.8627065658569336, "compression_ratio": 0.42857142857142855, "no_speech_prob": 0.1485702395439148, "words": [{"word": " Lives.", "start": 0.12, "end": 0.36, "probability": 0.030225424095988274, "tokens": [25791, 13]}], "id": 0}], "language": "en", "ori_dict": {"text": " Lives.", "segments": [{"id": 0, "start": 0.12, "end": 0.36, "text": " Lives.", "seek": 0.0, "tokens": [25791, 13], "temperature": 0.0, "avg_logprob": -0.8627065658569336, "compression_ratio": 0.42857142857142855, "no_speech_prob": 0.1485702395439148, "words": [{"word": " Lives.", "start": 0.12, "end": 0.36, "probability": 0.030225424095988274, "tokens": [25791, 13]}]}], "language": "en", "time_scale": null}}