{"text": " Ooh.", "segments": [{"start": 0.04, "end": 0.28, "text": " Ooh.", "seek": 0.0, "tokens": [7951, 13], "temperature": 1.0, "avg_logprob": -4.543744277954102, "compression_ratio": 0.3333333333333333, "no_speech_prob": 0.4635099172592163, "words": [{"word": " Ooh.", "start": 0.04, "end": 0.28, "probability": 0.0001334593107458204, "tokens": [7951, 13]}], "id": 0}], "language": "en", "ori_dict": {"text": " Ooh.", "segments": [{"id": 0, "start": 0.04, "end": 0.28, "text": " Ooh.", "seek": 0.0, "tokens": [7951, 13], "temperature": 1.0, "avg_logprob": -4.543744277954102, "compression_ratio": 0.3333333333333333, "no_speech_prob": 0.4635099172592163, "words": [{"word": " Ooh.", "start": 0.04, "end": 0.28, "probability": 0.0001334593107458204, "tokens": [7951, 13]}]}], "language": "en", "time_scale": null}}