{"text": " better.", "segments": [{"start": 0.06, "end": 0.2, "text": " better.", "seek": 0.0, "tokens": [1101, 13], "temperature": 1.0, "avg_logprob": -4.059090805053711, "compression_ratio": 0.4666666666666667, "no_speech_prob": 0.2813294231891632, "words": [{"word": " better.", "start": 0.06, "end": 0.2, "probability": 6.221614603418857e-05, "tokens": [1101, 13]}], "id": 0}], "language": "en", "ori_dict": {"text": " better.", "segments": [{"id": 0, "start": 0.06, "end": 0.2, "text": " better.", "seek": 0.0, "tokens": [1101, 13], "temperature": 1.0, "avg_logprob": -4.059090805053711, "compression_ratio": 0.4666666666666667, "no_speech_prob": 0.2813294231891632, "words": [{"word": " better.", "start": 0.06, "end": 0.2, "probability": 6.221614603418857e-05, "tokens": [1101, 13]}]}], "language": "en", "time_scale": null}}