{"text": " Mentorship", "segments": [{"start": 0.14, "end": 0.46, "text": " Mentorship", "seek": 0.0, "tokens": [33140, 14752], "temperature": 1.0, "avg_logprob": -2.5413848876953127, "compression_ratio": 0.5555555555555556, "no_speech_prob": 0.10766329616308212, "words": [{"word": " Mentorship", "start": 0.14, "end": 0.46, "probability": 0.5218614302575588, "tokens": [33140, 14752]}], "id": 0}], "language": "en", "ori_dict": {"text": " Mentorship", "segments": [{"id": 0, "start": 0.14, "end": 0.46, "text": " Mentorship", "seek": 0.0, "tokens": [33140, 14752], "temperature": 1.0, "avg_logprob": -2.5413848876953127, "compression_ratio": 0.5555555555555556, "no_speech_prob": 0.10766329616308212, "words": [{"word": " Mentorship", "start": 0.14, "end": 0.46, "probability": 0.5218614302575588, "tokens": [33140, 14752]}]}], "language": "en", "time_scale": null}}