{"text": " Story", "segments": [{"start": 0.1, "end": 0.4, "text": " Story", "seek": 0.0, "tokens": [14484], "temperature": 1.0, "avg_logprob": -3.6942138671875, "compression_ratio": 0.38461538461538464, "no_speech_prob": 0.1324748396873474, "words": [{"word": " Story", "start": 0.1, "end": 0.4, "probability": 0.005818294361233711, "tokens": [14484]}], "id": 0}], "language": "en", "ori_dict": {"text": " Story", "segments": [{"id": 0, "start": 0.1, "end": 0.4, "text": " Story", "seek": 0.0, "tokens": [14484], "temperature": 1.0, "avg_logprob": -3.6942138671875, "compression_ratio": 0.38461538461538464, "no_speech_prob": 0.1324748396873474, "words": [{"word": " Story", "start": 0.1, "end": 0.4, "probability": 0.005818294361233711, "tokens": [14484]}]}], "language": "en", "time_scale": null}}