{"text": " Bye Ii!", "segments": [{"start": 0.0, "end": 0.76, "text": " Bye Ii!", "seek": 0.0, "tokens": [4621, 286, 72, 0], "temperature": 1.0, "avg_logprob": -3.350773130144392, "compression_ratio": 0.4666666666666667, "no_speech_prob": 0.09208165854215622, "words": [{"word": " Bye", "start": 0.0, "end": 0.26, "probability": 0.05027443543076515, "tokens": [4621]}, {"word": " Ii!", "start": 0.26, "end": 0.76, "probability": 0.03680142655503005, "tokens": [286, 72, 0]}], "id": 0}], "language": "en", "ori_dict": {"text": " Bye Ii!", "segments": [{"id": 0, "start": 0.0, "end": 0.76, "text": " Bye Ii!", "seek": 0.0, "tokens": [4621, 286, 72, 0], "temperature": 1.0, "avg_logprob": -3.350773130144392, "compression_ratio": 0.4666666666666667, "no_speech_prob": 0.09208165854215622, "words": [{"word": " Bye", "start": 0.0, "end": 0.26, "probability": 0.05027443543076515, "tokens": [4621]}, {"word": " Ii!", "start": 0.26, "end": 0.76, "probability": 0.03680142655503005, "tokens": [286, 72, 0]}]}], "language": "en", "time_scale": null}}