{"text": " close", "segments": [{"start": 0.1, "end": 0.24, "text": " close", "seek": 0.0, "tokens": [1998], "temperature": 1.0, "avg_logprob": -3.163025140762329, "compression_ratio": 0.38461538461538464, "no_speech_prob": 0.3576034903526306, "words": [{"word": " close", "start": 0.1, "end": 0.24, "probability": 0.009702643379569054, "tokens": [1998]}], "id": 0}], "language": "en", "ori_dict": {"text": " close", "segments": [{"id": 0, "start": 0.1, "end": 0.24, "text": " close", "seek": 0.0, "tokens": [1998], "temperature": 1.0, "avg_logprob": -3.163025140762329, "compression_ratio": 0.38461538461538464, "no_speech_prob": 0.3576034903526306, "words": [{"word": " close", "start": 0.1, "end": 0.24, "probability": 0.009702643379569054, "tokens": [1998]}]}], "language": "en", "time_scale": null}}