{"text": " Kind.", "segments": [{"start": 0.08, "end": 0.24, "text": " Kind.", "seek": 0.0, "tokens": [9242, 13], "temperature": 1.0, "avg_logprob": -3.768863296508789, "compression_ratio": 0.38461538461538464, "no_speech_prob": 0.31317833065986633, "words": [{"word": " Kind.", "start": 0.08, "end": 0.24, "probability": 6.087582733016461e-06, "tokens": [9242, 13]}], "id": 0}], "language": "en", "ori_dict": {"text": " Kind.", "segments": [{"id": 0, "start": 0.08, "end": 0.24, "text": " Kind.", "seek": 0.0, "tokens": [9242, 13], "temperature": 1.0, "avg_logprob": -3.768863296508789, "compression_ratio": 0.38461538461538464, "no_speech_prob": 0.31317833065986633, "words": [{"word": " Kind.", "start": 0.08, "end": 0.24, "probability": 6.087582733016461e-06, "tokens": [9242, 13]}]}], "language": "en", "time_scale": null}}