{"text": " lifeH,", "segments": [{"start": 0.16, "end": 0.28, "text": " lifeH,", "seek": 0.0, "tokens": [993, 39, 11], "temperature": 1.0, "avg_logprob": -4.251371701558431, "compression_ratio": 0.42857142857142855, "no_speech_prob": 0.3058682680130005, "words": [{"word": " lifeH,", "start": 0.16, "end": 0.28, "probability": 0.0076733348114430555, "tokens": [993, 39, 11]}], "id": 0}], "language": "en", "ori_dict": {"text": " lifeH,", "segments": [{"id": 0, "start": 0.16, "end": 0.28, "text": " lifeH,", "seek": 0.0, "tokens": [993, 39, 11], "temperature": 1.0, "avg_logprob": -4.251371701558431, "compression_ratio": 0.42857142857142855, "no_speech_prob": 0.3058682680130005, "words": [{"word": " lifeH,", "start": 0.16, "end": 0.28, "probability": 0.0076733348114430555, "tokens": [993, 39, 11]}]}], "language": "en", "time_scale": null}}