{"text": " Journey..", "segments": [{"start": 0.08, "end": 0.48, "text": " Journey..", "seek": 0.0, "tokens": [37724, 353], "temperature": 1.0, "avg_logprob": -2.0694562911987306, "compression_ratio": 0.5294117647058824, "no_speech_prob": 0.11021620035171509, "words": [{"word": " Journey..", "start": 0.08, "end": 0.48, "probability": 0.037234463496133685, "tokens": [37724, 353]}], "id": 0}], "language": "en", "ori_dict": {"text": " Journey..", "segments": [{"id": 0, "start": 0.08, "end": 0.48, "text": " Journey..", "seek": 0.0, "tokens": [37724, 353], "temperature": 1.0, "avg_logprob": -2.0694562911987306, "compression_ratio": 0.5294117647058824, "no_speech_prob": 0.11021620035171509, "words": [{"word": " Journey..", "start": 0.08, "end": 0.48, "probability": 0.037234463496133685, "tokens": [37724, 353]}]}], "language": "en", "time_scale": null}}