{"text": " Special", "segments": [{"start": 0.14, "end": 0.48, "text": " Special", "seek": 0.0, "tokens": [11863], "temperature": 1.0, "avg_logprob": -1.753562569618225, "compression_ratio": 0.4666666666666667, "no_speech_prob": 0.19996412098407745, "words": [{"word": " Special", "start": 0.14, "end": 0.48, "probability": 0.0040719942189753056, "tokens": [11863]}], "id": 0}], "language": "en", "ori_dict": {"text": " Special", "segments": [{"id": 0, "start": 0.14, "end": 0.48, "text": " Special", "seek": 0.0, "tokens": [11863], "temperature": 1.0, "avg_logprob": -1.753562569618225, "compression_ratio": 0.4666666666666667, "no_speech_prob": 0.19996412098407745, "words": [{"word": " Special", "start": 0.14, "end": 0.48, "probability": 0.0040719942189753056, "tokens": [11863]}]}], "language": "en", "time_scale": null}}