{"text": " Gau plum", "segments": [{"start": 0.0, "end": 0.22, "text": " Gau plum", "seek": 0.0, "tokens": [460, 1459, 25854], "temperature": 1.0, "avg_logprob": -6.706888198852539, "compression_ratio": 0.5, "no_speech_prob": 0.17775240540504456, "words": [{"word": " Gau", "start": 0.0, "end": 0.2, "probability": 0.0016853610341058811, "tokens": [460, 1459]}, {"word": " plum", "start": 0.2, "end": 0.22, "probability": 1.1437899729571654e-06, "tokens": [25854]}], "id": 0}], "language": "en", "ori_dict": {"text": " Gau plum", "segments": [{"id": 0, "start": 0.0, "end": 0.22, "text": " Gau plum", "seek": 0.0, "tokens": [460, 1459, 25854], "temperature": 1.0, "avg_logprob": -6.706888198852539, "compression_ratio": 0.5, "no_speech_prob": 0.17775240540504456, "words": [{"word": " Gau", "start": 0.0, "end": 0.2, "probability": 0.0016853610341058811, "tokens": [460, 1459]}, {"word": " plum", "start": 0.2, "end": 0.22, "probability": 1.1437899729571654e-06, "tokens": [25854]}]}], "language": "en", "time_scale": null}}