{"text": " It's cool!", "segments": [{"start": 0.04, "end": 0.22, "text": " It's cool!", "seek": 0.0, "tokens": [467, 311, 1627, 0], "temperature": 1.0, "avg_logprob": -2.707351957048689, "compression_ratio": 0.5555555555555556, "no_speech_prob": 0.35108891129493713, "words": [{"word": " It's", "start": 0.04, "end": 0.22, "probability": 0.34928467439021915, "tokens": [467, 311]}, {"word": " cool!", "start": 0.22, "end": 0.22, "probability": 0.19882908463478088, "tokens": [1627, 0]}], "id": 0}], "language": "en", "ori_dict": {"text": " It's cool!", "segments": [{"id": 0, "start": 0.04, "end": 0.22, "text": " It's cool!", "seek": 0.0, "tokens": [467, 311, 1627, 0], "temperature": 1.0, "avg_logprob": -2.707351957048689, "compression_ratio": 0.5555555555555556, "no_speech_prob": 0.35108891129493713, "words": [{"word": " It's", "start": 0.04, "end": 0.22, "probability": 0.34928467439021915, "tokens": [467, 311]}, {"word": " cool!", "start": 0.22, "end": 0.22, "probability": 0.19882908463478088, "tokens": [1627, 0]}]}], "language": "en", "time_scale": null}}