{"text": " Todd.", "segments": [{"start": 0.14, "end": 0.28, "text": " Todd.", "seek": 0.0, "tokens": [21488, 13], "temperature": 1.0, "avg_logprob": -1.6392162322998047, "compression_ratio": 0.38461538461538464, "no_speech_prob": 0.22965878248214722, "words": [{"word": " Todd.", "start": 0.14, "end": 0.28, "probability": 0.0038912147283554077, "tokens": [21488, 13]}], "id": 0}], "language": "en", "ori_dict": {"text": " Todd.", "segments": [{"id": 0, "start": 0.14, "end": 0.28, "text": " Todd.", "seek": 0.0, "tokens": [21488, 13], "temperature": 1.0, "avg_logprob": -1.6392162322998047, "compression_ratio": 0.38461538461538464, "no_speech_prob": 0.22965878248214722, "words": [{"word": " Todd.", "start": 0.14, "end": 0.28, "probability": 0.0038912147283554077, "tokens": [21488, 13]}]}], "language": "en", "time_scale": null}}