{"text": " Tapestry.", "segments": [{"start": 0.16, "end": 0.54, "text": " Tapestry.", "seek": 0.0, "tokens": [13445, 47433, 13], "temperature": 0.0, "avg_logprob": -0.9233104387919108, "compression_ratio": 0.5294117647058824, "no_speech_prob": 0.0280531607568264, "words": [{"word": " Tapestry.", "start": 0.16, "end": 0.54, "probability": 0.49232780560851097, "tokens": [13445, 47433, 13]}], "id": 0}], "language": "en", "ori_dict": {"text": " Tapestry.", "segments": [{"id": 0, "start": 0.16, "end": 0.54, "text": " Tapestry.", "seek": 0.0, "tokens": [13445, 47433, 13], "temperature": 0.0, "avg_logprob": -0.9233104387919108, "compression_ratio": 0.5294117647058824, "no_speech_prob": 0.0280531607568264, "words": [{"word": " Tapestry.", "start": 0.16, "end": 0.54, "probability": 0.49232780560851097, "tokens": [13445, 47433, 13]}]}], "language": "en", "time_scale": null}}