{"text": " what", "segments": [{"start": 0.06, "end": 0.2, "text": " what", "seek": 0.0, "tokens": [437], "temperature": 1.0, "avg_logprob": -5.267396926879883, "compression_ratio": 0.3333333333333333, "no_speech_prob": 0.1848365068435669, "words": [{"word": " what", "start": 0.06, "end": 0.2, "probability": 0.0004788416554220021, "tokens": [437]}], "id": 0}], "language": "en", "ori_dict": {"text": " what", "segments": [{"id": 0, "start": 0.06, "end": 0.2, "text": " what", "seek": 0.0, "tokens": [437], "temperature": 1.0, "avg_logprob": -5.267396926879883, "compression_ratio": 0.3333333333333333, "no_speech_prob": 0.1848365068435669, "words": [{"word": " what", "start": 0.06, "end": 0.2, "probability": 0.0004788416554220021, "tokens": [437]}]}], "language": "en", "time_scale": null}}