{"text": " And", "segments": [{"start": 0.0, "end": 0.18, "text": " And", "seek": 0.0, "tokens": [400], "temperature": 1.0, "avg_logprob": -4.346796989440918, "compression_ratio": 0.2727272727272727, "no_speech_prob": 0.10783185809850693, "words": [{"word": " And", "start": 0.0, "end": 0.18, "probability": 0.0007220886182039976, "tokens": [400]}], "id": 0}], "language": "en", "ori_dict": {"text": " And", "segments": [{"id": 0, "start": 0.0, "end": 0.18, "text": " And", "seek": 0.0, "tokens": [400], "temperature": 1.0, "avg_logprob": -4.346796989440918, "compression_ratio": 0.2727272727272727, "no_speech_prob": 0.10783185809850693, "words": [{"word": " And", "start": 0.0, "end": 0.18, "probability": 0.0007220886182039976, "tokens": [400]}]}], "language": "en", "time_scale": null}}