{"text": " Resilience", "segments": [{"start": 0.08, "end": 0.7, "text": " Resilience", "seek": 0.0, "tokens": [5015, 388, 1182], "temperature": 0.0, "avg_logprob": -0.693261464436849, "compression_ratio": 0.5555555555555556, "no_speech_prob": 0.1077626496553421, "words": [{"word": " Resilience", "start": 0.08, "end": 0.7, "probability": 0.6407738626003265, "tokens": [5015, 388, 1182]}], "id": 0}], "language": "en", "ori_dict": {"text": " Resilience", "segments": [{"id": 0, "start": 0.08, "end": 0.7, "text": " Resilience", "seek": 0.0, "tokens": [5015, 388, 1182], "temperature": 0.0, "avg_logprob": -0.693261464436849, "compression_ratio": 0.5555555555555556, "no_speech_prob": 0.1077626496553421, "words": [{"word": " Resilience", "start": 0.08, "end": 0.7, "probability": 0.6407738626003265, "tokens": [5015, 388, 1182]}]}], "language": "en", "time_scale": null}}