{"text": " I'm confident", "segments": [{"start": 0.1, "end": 0.5, "text": " I'm confident", "seek": 0.0, "tokens": [286, 478, 6679], "temperature": 1.0, "avg_logprob": -2.9836629231770835, "compression_ratio": 0.6190476190476191, "no_speech_prob": 0.05318653956055641, "words": [{"word": " I'm", "start": 0.1, "end": 0.36, "probability": 0.20415551966289058, "tokens": [286, 478]}, {"word": " confident", "start": 0.36, "end": 0.5, "probability": 0.4498388171195984, "tokens": [6679]}], "id": 0}], "language": "en", "ori_dict": {"text": " I'm confident", "segments": [{"id": 0, "start": 0.1, "end": 0.5, "text": " I'm confident", "seek": 0.0, "tokens": [286, 478, 6679], "temperature": 1.0, "avg_logprob": -2.9836629231770835, "compression_ratio": 0.6190476190476191, "no_speech_prob": 0.05318653956055641, "words": [{"word": " I'm", "start": 0.1, "end": 0.36, "probability": 0.20415551966289058, "tokens": [286, 478]}, {"word": " confident", "start": 0.36, "end": 0.5, "probability": 0.4498388171195984, "tokens": [6679]}]}], "language": "en", "time_scale": null}}