{"text": " Community. I'm", "segments": [{"start": 0.06, "end": 0.58, "text": " Community.", "seek": 0.0, "tokens": [10421, 13], "temperature": 1.0, "avg_logprob": -3.3029893239339194, "compression_ratio": 0.6363636363636364, "no_speech_prob": 0.05255355313420296, "words": [{"word": " Community.", "start": 0.06, "end": 0.58, "probability": 0.2640555202960968, "tokens": [10421, 13]}], "id": 0}, {"start": 0.82, "end": 0.86, "text": " I'm", "seek": 0.0, "tokens": [286, 478], "temperature": 1.0, "avg_logprob": -3.3029893239339194, "compression_ratio": 0.6363636363636364, "no_speech_prob": 0.05255355313420296, "words": [{"word": " I'm", "start": 0.82, "end": 0.86, "probability": 0.10868179885437712, "tokens": [286, 478]}], "id": 1}], "language": "en", "ori_dict": {"text": " Community. I'm", "segments": [{"id": 0, "start": 0.06, "end": 0.58, "text": " Community.", "seek": 0.0, "tokens": [10421, 13], "temperature": 1.0, "avg_logprob": -3.3029893239339194, "compression_ratio": 0.6363636363636364, "no_speech_prob": 0.05255355313420296, "words": [{"word": " Community.", "start": 0.06, "end": 0.58, "probability": 0.2640555202960968, "tokens": [10421, 13]}]}, {"id": 1, "start": 0.82, "end": 0.86, "text": " I'm", "seek": 0.0, "tokens": [286, 478], "temperature": 1.0, "avg_logprob": -3.3029893239339194, "compression_ratio": 0.6363636363636364, "no_speech_prob": 0.05255355313420296, "words": [{"word": " I'm", "start": 0.82, "end": 0.86, "probability": 0.10868179885437712, "tokens": [286, 478]}]}], "language": "en", "time_scale": null}}