{"text": " Empathy", "segments": [{"start": 0.22, "end": 0.46, "text": " Empathy", "seek": 0.0, "tokens": [8599, 9527], "temperature": 1.0, "avg_logprob": -1.6134613037109375, "compression_ratio": 0.4666666666666667, "no_speech_prob": 0.2317156046628952, "words": [{"word": " Empathy", "start": 0.22, "end": 0.46, "probability": 0.5021340511739254, "tokens": [8599, 9527]}], "id": 0}], "language": "en", "ori_dict": {"text": " Empathy", "segments": [{"id": 0, "start": 0.22, "end": 0.46, "text": " Empathy", "seek": 0.0, "tokens": [8599, 9527], "temperature": 1.0, "avg_logprob": -1.6134613037109375, "compression_ratio": 0.4666666666666667, "no_speech_prob": 0.2317156046628952, "words": [{"word": " Empathy", "start": 0.22, "end": 0.46, "probability": 0.5021340511739254, "tokens": [8599, 9527]}]}], "language": "en", "time_scale": null}}