{"text": " Happy, guys.", "segments": [{"start": 0.08, "end": 0.54, "text": " Happy, guys.", "seek": 0.0, "tokens": [8277, 11, 1074, 13], "temperature": 1.0, "avg_logprob": -1.9377926417759486, "compression_ratio": 0.6, "no_speech_prob": 0.0884653627872467, "words": [{"word": " Happy,", "start": 0.08, "end": 0.26, "probability": 0.013154997490346432, "tokens": [8277, 11]}, {"word": " guys.", "start": 0.44, "end": 0.54, "probability": 0.10429517924785614, "tokens": [1074, 13]}], "id": 0}], "language": "en", "ori_dict": {"text": " Happy, guys.", "segments": [{"id": 0, "start": 0.08, "end": 0.54, "text": " Happy, guys.", "seek": 0.0, "tokens": [8277, 11, 1074, 13], "temperature": 1.0, "avg_logprob": -1.9377926417759486, "compression_ratio": 0.6, "no_speech_prob": 0.0884653627872467, "words": [{"word": " Happy,", "start": 0.08, "end": 0.26, "probability": 0.013154997490346432, "tokens": [8277, 11]}, {"word": " guys.", "start": 0.44, "end": 0.54, "probability": 0.10429517924785614, "tokens": [1074, 13]}]}], "language": "en", "time_scale": null}}