{"text": " Wait", "segments": [{"start": 0.14, "end": 0.26, "text": " Wait", "seek": 0.0, "tokens": [3802], "temperature": 1.0, "avg_logprob": -1.8555535078048706, "compression_ratio": 0.3333333333333333, "no_speech_prob": 0.25445783138275146, "words": [{"word": " Wait", "start": 0.14, "end": 0.26, "probability": 0.003734536236152053, "tokens": [3802]}], "id": 0}], "language": "en", "ori_dict": {"text": " Wait", "segments": [{"id": 0, "start": 0.14, "end": 0.26, "text": " Wait", "seek": 0.0, "tokens": [3802], "temperature": 1.0, "avg_logprob": -1.8555535078048706, "compression_ratio": 0.3333333333333333, "no_speech_prob": 0.25445783138275146, "words": [{"word": " Wait", "start": 0.14, "end": 0.26, "probability": 0.003734536236152053, "tokens": [3802]}]}], "language": "en", "time_scale": null}}