{"text": " it lives.", "segments": [{"start": 0.08, "end": 0.3, "text": " it lives.", "seek": 0.0, "tokens": [309, 2909, 13], "temperature": 1.0, "avg_logprob": -1.8730324109395344, "compression_ratio": 0.5294117647058824, "no_speech_prob": 0.14132347702980042, "words": [{"word": " it", "start": 0.08, "end": 0.28, "probability": 0.003911161329597235, "tokens": [309]}, {"word": " lives.", "start": 0.28, "end": 0.3, "probability": 0.6702648997306824, "tokens": [2909, 13]}], "id": 0}], "language": "en", "ori_dict": {"text": " it lives.", "segments": [{"id": 0, "start": 0.08, "end": 0.3, "text": " it lives.", "seek": 0.0, "tokens": [309, 2909, 13], "temperature": 1.0, "avg_logprob": -1.8730324109395344, "compression_ratio": 0.5294117647058824, "no_speech_prob": 0.14132347702980042, "words": [{"word": " it", "start": 0.08, "end": 0.28, "probability": 0.003911161329597235, "tokens": [309]}, {"word": " lives.", "start": 0.28, "end": 0.3, "probability": 0.6702648997306824, "tokens": [2909, 13]}]}], "language": "en", "time_scale": null}}