{"text": " Music M", "segments": [{"start": 0.0, "end": 0.32, "text": " Music M", "seek": 0.0, "tokens": [7609, 376], "temperature": 1.0, "avg_logprob": -5.765743255615234, "compression_ratio": 0.6190476190476191, "no_speech_prob": 0.20706245303153992, "words": [{"word": " Music", "start": 0.0, "end": 0.3, "probability": 6.561040208907798e-05, "tokens": [7609]}, {"word": " M", "start": 0.3, "end": 0.32, "probability": 0.000393490307033062, "tokens": [376]}], "id": 0}], "language": "en", "ori_dict": {"text": " Music M", "segments": [{"id": 0, "start": 0.0, "end": 0.32, "text": " Music M", "seek": 0.0, "tokens": [7609, 376], "temperature": 1.0, "avg_logprob": -5.765743255615234, "compression_ratio": 0.6190476190476191, "no_speech_prob": 0.20706245303153992, "words": [{"word": " Music", "start": 0.0, "end": 0.3, "probability": 6.561040208907798e-05, "tokens": [7609]}, {"word": " M", "start": 0.3, "end": 0.32, "probability": 0.000393490307033062, "tokens": [376]}]}], "language": "en", "time_scale": null}}