{"text": " where'm you?", "segments": [{"start": 0.0, "end": 0.58, "text": " where'm you?", "seek": 0.0, "tokens": [689, 478, 291, 30], "temperature": 1.0, "avg_logprob": -3.6465650285993303, "compression_ratio": 0.6, "no_speech_prob": 0.32727935910224915, "words": [{"word": " where'm", "start": 0.0, "end": 0.58, "probability": 0.010549669836109388, "tokens": [689, 478]}, {"word": " you?", "start": 0.58, "end": 0.58, "probability": 0.38873517513275146, "tokens": [291, 30]}], "id": 0}], "language": "en", "ori_dict": {"text": " where'm you?", "segments": [{"id": 0, "start": 0.0, "end": 0.58, "text": " where'm you?", "seek": 0.0, "tokens": [689, 478, 291, 30], "temperature": 1.0, "avg_logprob": -3.6465650285993303, "compression_ratio": 0.6, "no_speech_prob": 0.32727935910224915, "words": [{"word": " where'm", "start": 0.0, "end": 0.58, "probability": 0.010549669836109388, "tokens": [689, 478]}, {"word": " you?", "start": 0.58, "end": 0.58, "probability": 0.38873517513275146, "tokens": [291, 30]}]}], "language": "en", "time_scale": null}}