{"text": " Spirituality.", "segments": [{"start": 0.14, "end": 1.06, "text": " Spirituality.", "seek": 0.0, "tokens": [38929, 507, 13], "temperature": 0.6, "avg_logprob": -0.9814178943634033, "compression_ratio": 0.6190476190476191, "no_speech_prob": 0.06913220137357712, "words": [{"word": " Spirituality.", "start": 0.14, "end": 1.06, "probability": 0.5259025618433952, "tokens": [38929, 507, 13]}], "id": 0}], "language": "en", "ori_dict": {"text": " Spirituality.", "segments": [{"id": 0, "start": 0.14, "end": 1.06, "text": " Spirituality.", "seek": 0.0, "tokens": [38929, 507, 13], "temperature": 0.6, "avg_logprob": -0.9814178943634033, "compression_ratio": 0.6190476190476191, "no_speech_prob": 0.06913220137357712, "words": [{"word": " Spirituality.", "start": 0.14, "end": 1.06, "probability": 0.5259025618433952, "tokens": [38929, 507, 13]}]}], "language": "en", "time_scale": null}}