{"text": " Quick", "segments": [{"start": 0.0, "end": 0.22, "text": " Quick", "seek": 0.0, "tokens": [12101], "temperature": 1.0, "avg_logprob": -4.892663478851318, "compression_ratio": 0.38461538461538464, "no_speech_prob": 0.2295631468296051, "words": [{"word": " Quick", "start": 0.0, "end": 0.22, "probability": 0.0005189998191781342, "tokens": [12101]}], "id": 0}], "language": "en", "ori_dict": {"text": " Quick", "segments": [{"id": 0, "start": 0.0, "end": 0.22, "text": " Quick", "seek": 0.0, "tokens": [12101], "temperature": 1.0, "avg_logprob": -4.892663478851318, "compression_ratio": 0.38461538461538464, "no_speech_prob": 0.2295631468296051, "words": [{"word": " Quick", "start": 0.0, "end": 0.22, "probability": 0.0005189998191781342, "tokens": [12101]}]}], "language": "en", "time_scale": null}}