{"text": " it's", "segments": [{"start": 0.2, "end": 0.34, "text": " it's", "seek": 0.0, "tokens": [309, 311], "temperature": 1.0, "avg_logprob": -4.504790115356445, "compression_ratio": 0.3333333333333333, "no_speech_prob": 0.17234979569911957, "words": [{"word": " it's", "start": 0.2, "end": 0.34, "probability": 0.15917179320240393, "tokens": [309, 311]}], "id": 0}], "language": "en", "ori_dict": {"text": " it's", "segments": [{"id": 0, "start": 0.2, "end": 0.34, "text": " it's", "seek": 0.0, "tokens": [309, 311], "temperature": 1.0, "avg_logprob": -4.504790115356445, "compression_ratio": 0.3333333333333333, "no_speech_prob": 0.17234979569911957, "words": [{"word": " it's", "start": 0.2, "end": 0.34, "probability": 0.15917179320240393, "tokens": [309, 311]}]}], "language": "en", "time_scale": null}}