{"text": " Some", "segments": [{"start": 0.14, "end": 0.32, "text": " Some", "seek": 0.0, "tokens": [2188], "temperature": 1.0, "avg_logprob": -6.3497514724731445, "compression_ratio": 0.3333333333333333, "no_speech_prob": 0.35430973768234253, "words": [{"word": " Some", "start": 0.14, "end": 0.32, "probability": 2.9255670597194694e-05, "tokens": [2188]}], "id": 0}], "language": "en", "ori_dict": {"text": " Some", "segments": [{"id": 0, "start": 0.14, "end": 0.32, "text": " Some", "seek": 0.0, "tokens": [2188], "temperature": 1.0, "avg_logprob": -6.3497514724731445, "compression_ratio": 0.3333333333333333, "no_speech_prob": 0.35430973768234253, "words": [{"word": " Some", "start": 0.14, "end": 0.32, "probability": 2.9255670597194694e-05, "tokens": [2188]}]}], "language": "en", "time_scale": null}}