{"text": " There.", "segments": [{"start": 0.12, "end": 0.26, "text": " There.", "seek": 0.0, "tokens": [821, 13], "temperature": 1.0, "avg_logprob": -2.735122299194336, "compression_ratio": 0.42857142857142855, "no_speech_prob": 0.1757430136203766, "words": [{"word": " There.", "start": 0.12, "end": 0.26, "probability": 0.010265994817018509, "tokens": [821, 13]}], "id": 0}], "language": "en", "ori_dict": {"text": " There.", "segments": [{"id": 0, "start": 0.12, "end": 0.26, "text": " There.", "seek": 0.0, "tokens": [821, 13], "temperature": 1.0, "avg_logprob": -2.735122299194336, "compression_ratio": 0.42857142857142855, "no_speech_prob": 0.1757430136203766, "words": [{"word": " There.", "start": 0.12, "end": 0.26, "probability": 0.010265994817018509, "tokens": [821, 13]}]}], "language": "en", "time_scale": null}}