{"text": " Meal.", "segments": [{"start": 0.08, "end": 0.34, "text": " Meal.", "seek": 0.0, "tokens": [1923, 304, 13], "temperature": 0.0, "avg_logprob": -0.7000003655751547, "compression_ratio": 0.38461538461538464, "no_speech_prob": 0.3411121964454651, "words": [{"word": " Meal.", "start": 0.08, "end": 0.34, "probability": 0.4932444207370281, "tokens": [1923, 304, 13]}]}], "language": "en", "ori_dict": {"text": " Meal.", "segments": [{"id": 0, "start": 0.08, "end": 0.34, "text": " Meal.", "seek": 0.0, "tokens": [1923, 304, 13], "temperature": 0.0, "avg_logprob": -0.7000003655751547, "compression_ratio": 0.38461538461538464, "no_speech_prob": 0.3411121964454651, "words": [{"word": " Meal.", "start": 0.08, "end": 0.34, "probability": 0.4932444207370281, "tokens": [1923, 304, 13]}]}], "language": "en", "time_scale": null}, "regroup_history": "cm=2.5+++0_sp=,* /，+0+0_sg=0.5+0+0_mg=0.3+3++0+0+0_sp=.* /。/?/？+0+0", "nonspeech_sections": [{"start": 0.0, "end": 0.06}, {"start": 0.36, "end": 0.6}]}