{"text": " Life!", "segments": [{"start": 0.16, "end": 0.26, "text": " Life!", "seek": 0.0, "tokens": [7720, 0], "temperature": 1.0, "avg_logprob": -1.7358591079711914, "compression_ratio": 0.38461538461538464, "no_speech_prob": 0.28501686453819275, "words": [{"word": " Life!", "start": 0.16, "end": 0.26, "probability": 0.024785349145531654, "tokens": [7720, 0]}], "id": 0}], "language": "en", "ori_dict": {"text": " Life!", "segments": [{"id": 0, "start": 0.16, "end": 0.26, "text": " Life!", "seek": 0.0, "tokens": [7720, 0], "temperature": 1.0, "avg_logprob": -1.7358591079711914, "compression_ratio": 0.38461538461538464, "no_speech_prob": 0.28501686453819275, "words": [{"word": " Life!", "start": 0.16, "end": 0.26, "probability": 0.024785349145531654, "tokens": [7720, 0]}]}], "language": "en", "time_scale": null}}