{"text": " Time! you", "segments": [{"start": 0.0, "end": 0.38, "text": " Time!", "seek": 0.0, "tokens": [6161, 0], "temperature": 1.0, "avg_logprob": -3.1983776092529297, "compression_ratio": 0.5294117647058824, "no_speech_prob": 0.07606225460767746, "words": [{"word": " Time!", "start": 0.0, "end": 0.38, "probability": 0.5364567637443542, "tokens": [6161, 0]}], "id": 0}, {"start": 0.72, "end": 0.72, "text": " you", "seek": 0.0, "tokens": [291], "temperature": 1.0, "avg_logprob": -3.1983776092529297, "compression_ratio": 0.5294117647058824, "no_speech_prob": 0.07606225460767746, "words": [{"word": " you", "start": 0.72, "end": 0.72, "probability": 0.0011077576782554388, "tokens": [291]}], "id": 1}], "language": "en", "ori_dict": {"text": " Time! you", "segments": [{"id": 0, "start": 0.0, "end": 0.38, "text": " Time!", "seek": 0.0, "tokens": [6161, 0], "temperature": 1.0, "avg_logprob": -3.1983776092529297, "compression_ratio": 0.5294117647058824, "no_speech_prob": 0.07606225460767746, "words": [{"word": " Time!", "start": 0.0, "end": 0.38, "probability": 0.5364567637443542, "tokens": [6161, 0]}]}, {"id": 1, "start": 0.72, "end": 0.72, "text": " you", "seek": 0.0, "tokens": [291], "temperature": 1.0, "avg_logprob": -3.1983776092529297, "compression_ratio": 0.5294117647058824, "no_speech_prob": 0.07606225460767746, "words": [{"word": " you", "start": 0.72, "end": 0.72, "probability": 0.0011077576782554388, "tokens": [291]}]}], "language": "en", "time_scale": null}}