{"text": " lives", "segments": [{"start": 0.1, "end": 0.38, "text": " lives", "seek": 0.0, "tokens": [2909], "temperature": 1.0, "avg_logprob": -2.334479808807373, "compression_ratio": 0.38461538461538464, "no_speech_prob": 0.14331567287445068, "words": [{"word": " lives", "start": 0.1, "end": 0.38, "probability": 0.12357193976640701, "tokens": [2909]}], "id": 0}], "language": "en", "ori_dict": {"text": " lives", "segments": [{"id": 0, "start": 0.1, "end": 0.38, "text": " lives", "seek": 0.0, "tokens": [2909], "temperature": 1.0, "avg_logprob": -2.334479808807373, "compression_ratio": 0.38461538461538464, "no_speech_prob": 0.14331567287445068, "words": [{"word": " lives", "start": 0.1, "end": 0.38, "probability": 0.12357193976640701, "tokens": [2909]}]}], "language": "en", "time_scale": null}}