{"text": " P", "segments": [{"start": 0.0, "end": 0.14, "text": " P", "seek": 0.0, "tokens": [430], "temperature": 1.0, "avg_logprob": -6.424722194671631, "compression_ratio": 0.1111111111111111, "no_speech_prob": 0.3782755732536316, "words": [{"word": " P", "start": 0.0, "end": 0.14, "probability": 0.0005136954714544117, "tokens": [430]}], "id": 0}], "language": "en", "ori_dict": {"text": " P", "segments": [{"id": 0, "start": 0.0, "end": 0.14, "text": " P", "seek": 0.0, "tokens": [430], "temperature": 1.0, "avg_logprob": -6.424722194671631, "compression_ratio": 0.1111111111111111, "no_speech_prob": 0.3782755732536316, "words": [{"word": " P", "start": 0.0, "end": 0.14, "probability": 0.0005136954714544117, "tokens": [430]}]}], "language": "en", "time_scale": null}}