{"text": " and", "segments": [{"start": 0.08, "end": 0.38, "text": " and", "seek": 0.0, "tokens": [293], "temperature": 1.0, "avg_logprob": -2.2749032974243164, "compression_ratio": 0.2727272727272727, "no_speech_prob": 0.2042015790939331, "words": [{"word": " and", "start": 0.08, "end": 0.38, "probability": 0.05075231194496155, "tokens": [293]}], "id": 0}], "language": "en", "ori_dict": {"text": " and", "segments": [{"id": 0, "start": 0.08, "end": 0.38, "text": " and", "seek": 0.0, "tokens": [293], "temperature": 1.0, "avg_logprob": -2.2749032974243164, "compression_ratio": 0.2727272727272727, "no_speech_prob": 0.2042015790939331, "words": [{"word": " and", "start": 0.08, "end": 0.38, "probability": 0.05075231194496155, "tokens": [293]}]}], "language": "en", "time_scale": null}}