{"text": " Cole", "segments": [{"start": 0.08, "end": 0.24, "text": " Cole", "seek": 0.0, "tokens": [20394], "temperature": 1.0, "avg_logprob": -3.381333827972412, "compression_ratio": 0.3333333333333333, "no_speech_prob": 0.39981815218925476, "words": [{"word": " Cole", "start": 0.08, "end": 0.24, "probability": 0.00010098697384819388, "tokens": [20394]}], "id": 0}], "language": "en", "ori_dict": {"text": " Cole", "segments": [{"id": 0, "start": 0.08, "end": 0.24, "text": " Cole", "seek": 0.0, "tokens": [20394], "temperature": 1.0, "avg_logprob": -3.381333827972412, "compression_ratio": 0.3333333333333333, "no_speech_prob": 0.39981815218925476, "words": [{"word": " Cole", "start": 0.08, "end": 0.24, "probability": 0.00010098697384819388, "tokens": [20394]}]}], "language": "en", "time_scale": null}}