{"text": " Okay?", "segments": [{"start": 0.06, "end": 0.26, "text": " Okay?", "seek": 0.0, "tokens": [1033, 30], "temperature": 1.0, "avg_logprob": -2.8946249008178713, "compression_ratio": 0.38461538461538464, "no_speech_prob": 0.2088981717824936, "words": [{"word": " Okay?", "start": 0.06, "end": 0.26, "probability": 7.903958612587303e-05, "tokens": [1033, 30]}], "id": 0}], "language": "en", "ori_dict": {"text": " Okay?", "segments": [{"id": 0, "start": 0.06, "end": 0.26, "text": " Okay?", "seek": 0.0, "tokens": [1033, 30], "temperature": 1.0, "avg_logprob": -2.8946249008178713, "compression_ratio": 0.38461538461538464, "no_speech_prob": 0.2088981717824936, "words": [{"word": " Okay?", "start": 0.06, "end": 0.26, "probability": 7.903958612587303e-05, "tokens": [1033, 30]}]}], "language": "en", "time_scale": null}}