{"text": " Barriers.", "segments": [{"start": 0.14, "end": 0.54, "text": " Barriers.", "seek": 0.0, "tokens": [4156, 10525, 13], "temperature": 0.0, "avg_logprob": -0.8640914758046468, "compression_ratio": 0.5294117647058824, "no_speech_prob": 0.0727948322892189, "words": [{"word": " Barriers.", "start": 0.14, "end": 0.54, "probability": 0.5127384308725595, "tokens": [4156, 10525, 13]}], "id": 0}], "language": "en", "ori_dict": {"text": " Barriers.", "segments": [{"id": 0, "start": 0.14, "end": 0.54, "text": " Barriers.", "seek": 0.0, "tokens": [4156, 10525, 13], "temperature": 0.0, "avg_logprob": -0.8640914758046468, "compression_ratio": 0.5294117647058824, "no_speech_prob": 0.0727948322892189, "words": [{"word": " Barriers.", "start": 0.14, "end": 0.54, "probability": 0.5127384308725595, "tokens": [4156, 10525, 13]}]}], "language": "en", "time_scale": null}}